Entity,Create,Read,Update,Delete,Status,Implementation_Status,API_Endpoints,Notes
Users,✅ Registration,✅ Profile,✅ Update profile,❌ Soft delete only,Partial,Backend implemented,/api/auth/register, /api/auth/login, /api/auth/profile,Hard delete not implemented for GDPR compliance
Content,✅ POST /api/content,✅ GET /api/content,✅ PUT /api/content/{id},✅ DELETE /api/content/{id},Complete,Fully implemented,/api/content/create, /api/content, /api/content/{id},Complete CRUD with proper validation
Projects,✅ POST /api/projects,✅ GET /api/projects,✅ PUT /api/projects/{id},✅ DELETE /api/projects/{id},Complete,Fully implemented,/api/projects,Complete CRUD with cascade handling
Templates,❌ Not implemented,✅ GET /api/templates,❌ Not implemented,❌ Not implemented,Read-only,Partial implementation,/api/templates, /api/templates/{id}/preview, /api/templates/{id}/use,Missing create/update/delete operations
Notifications,❌ Auto-created,✅ GET /api/notifications,✅ PUT /api/notifications/{id},✅ DELETE /api/notifications/{id},Complete,Fully implemented,/api/notifications, /api/notifications/{id},System-generated notifications with full management
Social Posts,✅ POST /api/social-posts,✅ GET /api/social-posts,✅ PUT /api/social-posts/{id},✅ DELETE /api/social-posts/{id},Complete,Fully implemented,/api/social-posts,Complete CRUD for social media content
Platform Posts,✅ POST /api/platform-posts,✅ GET /api/platform-posts,✅ PUT /api/platform-posts/{id},✅ DELETE /api/platform-posts/{id},Complete,Fully implemented,/api/platform-posts,Complete CRUD for platform-specific posts
AI Generation Tasks,✅ POST /api/ai/generate,✅ GET /api/ai/tasks,✅ PUT /api/ai/tasks/{id},❌ Not implemented,Partial,Backend implemented,/api/ai/generate-*, /api/ai/tasks,Missing task deletion (archival preferred)
Content Metrics,❌ Auto-calculated,✅ GET /api/analytics,❌ Not implemented,❌ Not implemented,Read-only,System generated,/api/analytics/performance,Auto-calculated from content performance
Niches,✅ POST /api/niches,✅ GET /api/niches,✅ PUT /api/niches/{id},✅ DELETE /api/niches/{id},Complete,Fully implemented,/api/niches,Complete CRUD for content niches
Social Accounts,✅ POST /api/social-accounts,✅ GET /api/social-accounts,✅ PUT /api/social-accounts/{id},✅ DELETE /api/social-accounts/{id},Complete,Fully implemented,/api/social-accounts,Complete CRUD for social media connections
Post Media,✅ POST /api/post-media,✅ GET /api/post-media,✅ PUT /api/post-media/{id},✅ DELETE /api/post-media/{id},Complete,Fully implemented,/api/post-media,Complete CRUD for media attachments
Post Schedules,❌ Not implemented,❌ Not implemented,❌ Not implemented,❌ Not implemented,Broken,Missing implementation,/api/content/schedule,Complete implementation missing
Hashtag Suggestions,✅ POST /api/hashtags,✅ GET /api/hashtags,✅ PUT /api/hashtags/{id},✅ DELETE /api/hashtags/{id},Complete,Fully implemented,/api/hashtags,Complete CRUD for hashtag management
AI Content Suggestions,✅ POST /api/ai/suggestions,✅ GET /api/ai/suggestions,✅ PUT /api/ai/suggestions/{id},❌ Not implemented,Partial,Backend implemented,/api/analytics/analyze-*, /api/ai/suggestions,Missing suggestion deletion
User Sessions,❌ Auto-managed,❌ Internal only,❌ Auto-managed,❌ Auto-expiry,Broken,Passport.js managed,N/A,Sessions managed by connect-pg-simple
Audit Logs,❌ Auto-created,❌ Admin only,❌ Not implemented,❌ Not implemented,Read-only,Not implemented,N/A,Missing audit trail implementation
File Uploads,✅ POST /api/upload,✅ GET /api/files,❌ Not implemented,✅ DELETE /api/files/{id},Partial,Backend implemented,/api/upload, /api/files,Missing file update operations
WebSocket Connections,❌ Auto-managed,❌ GET /api/websocket/stats,❌ Not implemented,❌ Auto-cleanup,Read-only,WebSocket managed,/api/websocket/stats,Real-time connections auto-managed
Database Backups,❌ Manual,❌ Admin only,❌ Not implemented,❌ Not implemented,Manual,Not automated,N/A,Requires manual backup procedures
API Keys,✅ POST /api/keys,✅ GET /api/keys,✅ PUT /api/keys/{id},✅ DELETE /api/keys/{id},Complete,Fully implemented,/api/keys,Complete CRUD for API key management
Rate Limits,❌ Auto-enforced,✅ GET /api/limits,✅ PUT /api/limits,❌ Not implemented,Partial,express-rate-limit,/api/limits,Rate limiting auto-enforced
System Settings,❌ Manual,✅ GET /api/settings,✅ PUT /api/settings,❌ Not implemented,Partial,Environment based,/api/settings,Settings managed via environment variables
Performance Metrics,❌ Auto-collected,✅ GET /api/metrics,❌ Not implemented,❌ Not implemented,Read-only,Prometheus,/api/db/perf,Auto-collected system metrics
Error Logs,❌ Auto-created,❌ Admin only,❌ Not implemented,❌ Not implemented,Read-only,Not implemented,N/A,Missing centralized error logging
Health Checks,❌ N/A,✅ GET /api/health,❌ N/A,❌ N/A,Read-only,Basic implementation,/api/health,Basic system health monitoring
Feature Flags,❌ Manual,✅ GET /api/features,✅ PUT /api/features,❌ Not implemented,Partial,Environment based,/api/features,Feature toggles via environment
Migration History,❌ Auto-tracked,✅ GET /api/migrations,❌ Not implemented,❌ Not implemented,Read-only,Drizzle Kit,N/A,Database migration tracking
Seed Data,❌ Manual,✅ GET /api/seed,❌ Not implemented,❌ Not implemented,Read-only,Development only,/api/seed,Development seed data verification
